"","state","friday","deaths","positives","negatives"
"1","AK",2020-10-16,6,1400,28194
"2","AL",2020-10-16,133,6909,38906
"3","AR",2020-10-16,162,7394,80235
"4","AZ",2020-10-16,60,5402,60783
"5","CA",2020-10-16,402,22870,862589
"6","CO",2020-10-16,32,6133,59752
"7","CT",2020-10-16,12,2792,168302
"8","DC",2020-10-16,7,412,33150
"9","DE",2020-10-16,11,897,15878
"10","FL",2020-10-16,658,19516,136007
"11","GA",2020-10-16,208,8818,132823
"12","IA",2020-10-16,86,6759,7215
"13","ID",2020-10-16,14,4184,15313
"14","IL",2020-10-16,220,23205,418733
"15","IN",2020-10-16,126,12002,57511
"16","KS",2020-10-16,96,5048,23952
"17","KY",2020-10-16,58,7050,123294
"18","LA",2020-10-16,92,4320,111245
"19","MA",2020-10-16,120,4645,101916
"20","MD",2020-10-16,42,4170,70920
"21","ME",2020-10-16,2,199,42390
"22","MI",2020-10-16,117,11303,249091
"23","MN",2020-10-16,38,10084,93329
"24","MO",2020-10-16,64,13407,-51763
"25","MS",2020-10-16,80,5574,24889
"26","MT",2020-10-16,29,4196,34520
"27","NC",2020-10-16,163,14192,214254
"28","ND",2020-10-16,67,4477,7190
"29","NE",2020-10-16,21,5369,29430
"30","NH",2020-10-16,16,636,17551
"31","NJ",2020-10-16,37,5791,216620
"32","NM",2020-10-16,23,3202,50245
"33","NV",2020-10-16,50,4092,14463
"34","NY",2020-10-16,67,9411,815280
"35","OH",2020-10-16,60,11889,253636
"36","OK",2020-10-16,63,8220,87957
"37","OR",2020-10-16,20,2409,42109
"38","PA",2020-10-16,149,9778,103279
"39","RI",2020-10-16,22,1397,20719
"40","SC",2020-10-16,85,6577,107172
"41","SD",2020-10-16,30,4590,8247
"42","TN",2020-10-16,139,12490,145251
"43","TX",2020-10-16,471,29848,435168
"44","UT",2020-10-16,32,8667,47594
"45","VA",2020-10-16,64,7475,121191
"46","VT",2020-10-16,0,69,6097
"47","WA",2020-10-16,49,4267,148454
"48","WI",2020-10-16,137,22596,71907
"49","WV",2020-10-16,20,1873,48083
"50","AK",2020-10-09,3,1136,22644
"51","AL",2020-10-09,103,6767,45940
"52","AR",2020-10-09,112,4366,53595
"53","AZ",2020-10-09,53,4321,60781
"54","CA",2020-10-09,442,21329,846737
"55","CO",2020-10-09,35,4567,58447
"56","CT",2020-10-09,17,1741,118388
"57","DC",2020-10-09,5,420,27687
"58","DE",2020-10-09,9,890,13194
"59","FL",2020-10-09,642,17117,149524
"60","GA",2020-10-09,242,8398,134218
"61","IA",2020-10-09,65,5628,27181
"62","ID",2020-10-09,31,3865,12296
"63","IL",2020-10-09,202,16171,398379
"64","IN",2020-10-09,105,8853,56061
"65","KS",2020-10-09,65,4696,24376
"66","KY",2020-10-09,45,7729,96756
"67","LA",2020-10-09,90,4580,88058
"68","MA",2020-10-09,87,4070,102783
"69","MD",2020-10-09,40,3937,63645
"70","ME",2020-10-09,1,198,41564
"71","MI",2020-10-09,90,7820,233448
"72","MN",2020-10-09,62,7946,88546
"73","MO",2020-10-09,251,9767,63663
"74","MS",2020-10-09,81,4123,65812
"75","MT",2020-10-09,20,3544,29840
"76","NC",2020-10-09,139,12747,198834
"77","ND",2020-10-09,43,3346,7538
"78","NE",2020-10-09,21,3874,26329
"79","NH",2020-10-09,7,344,9415
"80","NJ",2020-10-09,32,5384,201477
"81","NM",2020-10-09,17,2095,43461
"82","NV",2020-10-09,48,3411,20188
"83","NY",2020-10-09,64,10067,800649
"84","OH",2020-10-09,89,9293,256921
"85","OK",2020-10-09,47,7529,84282
"86","OR",2020-10-09,34,2363,31015
"87","PA",2020-10-09,129,8024,94794
"88","RI",2020-10-09,12,1218,20934
"89","SC",2020-10-09,121,6491,108025
"90","SD",2020-10-09,40,3693,14199
"91","TN",2020-10-09,217,12600,185158
"92","TX",2020-10-09,537,29826,347462
"93","UT",2020-10-09,31,8133,47332
"94","VA",2020-10-09,94,6962,119071
"95","VT",2020-10-09,0,78,5502
"96","WA",2020-10-09,51,3802,127965
"97","WI",2020-10-09,88,17683,73091
"98","WV",2020-10-09,21,1400,39724
"99","AK",2020-10-02,6,838,27120
"100","AL",2020-10-02,59,6040,43248
"101","AR",2020-10-02,125,5833,123129
"102","AZ",2020-10-02,106,3396,51760
"103","CA",2020-10-02,588,23237,792947
"104","CO",2020-10-02,27,4001,60402
"105","CT",2020-10-02,12,1710,155549
"106","DC",2020-10-02,6,260,20272
"107","DE",2020-10-02,11,852,10057
"108","FL",2020-10-02,647,15917,129610
"109","GA",2020-10-02,232,8120,114399
"110","IA",2020-10-02,65,5514,25497
"111","ID",2020-10-02,15,3327,12105
"112","IL",2020-10-02,180,14011,385896
"113","IN",2020-10-02,90,7233,49827
"114","KS",2020-10-02,66,4519,23828
"115","KY",2020-10-02,48,5661,173611
"116","LA",2020-10-02,101,3674,97710
"117","MA",2020-10-02,115,4150,109665
"118","MD",2020-10-02,33,3863,63438
"119","ME",2020-10-02,2,233,42663
"120","MI",2020-10-02,83,6619,214817
"121","MN",2020-10-02,66,7177,88717
"122","MO",2020-10-02,150,9099,43925
"123","MS",2020-10-02,105,3526,8489
"124","MT",2020-10-02,16,2291,24955
"125","NC",2020-10-02,199,10353,181734
"126","ND",2020-10-02,35,2809,6869
"127","NE",2020-10-02,31,3454,23506
"128","NH",2020-10-02,4,490,30228
"129","NJ",2020-10-02,38,4529,188887
"130","NM",2020-10-02,23,1437,41579
"131","NV",2020-10-02,36,3429,21870
"132","NY",2020-10-02,51,7874,644687
"133","OH",2020-10-02,171,7915,268240
"134","OK",2020-10-02,51,7039,82457
"135","OR",2020-10-02,21,1849,32538
"136","PA",2020-10-02,98,7081,88574
"137","RI",2020-10-02,11,895,14980
"138","SC",2020-10-02,112,5283,106302
"139","SD",2020-10-02,21,2968,9346
"140","TN",2020-10-02,163,8949,147220
"141","TX",2020-10-02,531,27452,427841
"142","UT",2020-10-02,26,6627,43739
"143","VA",2020-10-02,114,5254,116295
"144","VT",2020-10-02,0,37,5543
"145","WA",2020-10-02,52,3878,97547
"146","WI",2020-10-02,79,17619,61926
"147","WV",2020-10-02,25,1354,39751
"148","AK",2020-09-25,6,615,22424
"149","AL",2020-09-25,63,7795,53172
"150","AR",2020-09-25,93,5864,54725
"151","AZ",2020-09-25,136,3425,62280
"152","CA",2020-09-25,586,24209,850852
"153","CO",2020-09-25,24,4072,49492
"154","CT",2020-09-25,9,1060,95943
"155","DC",2020-09-25,4,311,26157
"156","DE",2020-09-25,11,719,10017
"157","FL",2020-09-25,696,18227,149506
"158","GA",2020-09-25,337,9777,135765
"159","IA",2020-09-25,47,5834,31116
"160","ID",2020-09-25,23,2745,11585
"161","IL",2020-09-25,152,13849,367057
"162","IN",2020-09-25,71,5724,54300
"163","KS",2020-09-25,36,4307,23714
"164","KY",2020-09-25,48,4938,195539
"165","LA",2020-09-25,104,3830,105249
"166","MA",2020-09-25,101,2899,110980
"167","MD",2020-09-25,48,3297,64320
"168","ME",2020-09-25,2,230,41740
"169","MI",2020-09-25,73,5877,211405
"170","MN",2020-09-25,44,6382,65937
"171","MO",2020-09-25,214,10169,72616
"172","MS",2020-09-25,114,4097,88857
"173","MT",2020-09-25,24,1693,25868
"174","NC",2020-09-25,202,13312,145285
"175","ND",2020-09-25,14,2655,6786
"176","NE",2020-09-25,20,2810,17919
"177","NH",2020-09-25,0,183,9450
"178","NJ",2020-09-25,36,3252,183543
"179","NM",2020-09-25,23,1025,39181
"180","NV",2020-09-25,49,2657,22078
"181","NY",2020-09-25,23,5703,606113
"182","OH",2020-09-25,126,6298,236190
"183","OK",2020-09-25,54,7953,78494
"184","OR",2020-09-25,21,1972,31512
"185","PA",2020-09-25,147,5520,83592
"186","RI",2020-09-25,19,561,13918
"187","SC",2020-09-25,120,7584,107479
"188","SD",2020-09-25,18,2479,7764
"189","TN",2020-09-25,156,8957,150546
"190","TX",2020-09-25,651,46311,422337
"191","UT",2020-09-25,11,6755,44725
"192","VA",2020-09-25,187,5731,136683
"193","VT",2020-09-25,0,25,5155
"194","WA",2020-09-25,43,2636,75973
"195","WI",2020-09-25,38,14175,68387
"196","WV",2020-09-25,33,1270,30991
"197","AK",2020-09-18,2,563,23144
"198","AL",2020-09-18,95,6160,35973
"199","AR",2020-09-18,220,5099,64722
"200","AZ",2020-09-18,163,5419,77476
"201","CA",2020-09-18,723,23640,701886
"202","CO",2020-09-18,22,2960,41599
"203","CT",2020-09-18,12,1201,89963
"204","DC",2020-09-18,3,359,25323
"205","DE",2020-09-18,7,900,11040
"206","FL",2020-09-18,729,19279,142226
"207","GA",2020-09-18,291,11956,131677
"208","IA",2020-09-18,49,5078,29356
"209","ID",2020-09-18,27,1872,9864
"210","IL",2020-09-18,138,12642,337935
"211","IN",2020-09-18,75,6178,92156
"212","KS",2020-09-18,85,3899,21920
"213","KY",2020-09-18,57,4424,146737
"214","LA",2020-09-18,138,4213,105020
"215","MA",2020-09-18,88,2596,118537
"216","MD",2020-09-18,41,4338,67653
"217","ME",2020-09-18,4,213,44203
"218","MI",2020-09-18,54,5249,206995
"219","MN",2020-09-18,53,5091,61186
"220","MO",2020-09-18,79,10969,82839
"221","MS",2020-09-18,110,2760,12293
"222","MT",2020-09-18,15,1086,22811
"223","NC",2020-09-18,184,8733,181633
"224","ND",2020-09-18,9,2546,7571
"225","NE",2020-09-18,12,2548,20215
"226","NH",2020-09-18,4,241,9986
"227","NJ",2020-09-18,36,2960,148170
"228","NM",2020-09-18,20,770,37398
"229","NV",2020-09-18,85,2290,21029
"230","NY",2020-09-18,41,5261,563686
"231","OH",2020-09-18,205,7270,226622
"232","OK",2020-09-18,51,6925,72541
"233","OR",2020-09-18,22,1477,22206
"234","PA",2020-09-18,97,5798,80777
"235","RI",2020-09-18,17,715,11817
"236","SC",2020-09-18,149,7272,59656
"237","SD",2020-09-18,21,1958,10783
"238","TN",2020-09-18,171,10638,172325
"239","TX",2020-09-18,716,28885,-38125
"240","UT",2020-09-18,6,5100,30830
"241","VA",2020-09-18,238,7062,97126
"242","VT",2020-09-18,0,38,5486
"243","WA",2020-09-18,46,2591,87331
"244","WI",2020-09-18,41,11529,61224
"245","WV",2020-09-18,34,1509,29833
"246","AK",2020-09-11,3,555,12094
"247","AL",2020-09-11,67,6310,34199
"248","AR",2020-09-11,80,4305,45139
"249","AZ",2020-09-11,117,2842,39654
"250","CA",2020-09-11,599,23908,630782
"251","CO",2020-09-11,28,1898,33769
"252","CT",2020-09-11,12,961,92365
"253","DC",2020-09-11,5,307,17778
"254","DE",2020-09-11,7,714,9342
"255","FL",2020-09-11,755,18170,118579
"256","GA",2020-09-11,315,11427,114767
"257","IA",2020-09-11,70,4519,26743
"258","ID",2020-09-11,35,1690,8399
"259","IL",2020-09-11,130,12584,310024
"260","IN",2020-09-11,70,5621,60056
"261","KS",2020-09-11,30,3166,18559
"262","KY",2020-09-11,57,4027,44223
"263","LA",2020-09-11,167,4740,100369
"264","MA",2020-09-11,79,2228,104310
"265","MD",2020-09-11,39,3893,57518
"266","ME",2020-09-11,0,160,33245
"267","MI",2020-09-11,102,5956,188849
"268","MN",2020-09-11,50,3750,40503
"269","MO",2020-09-11,139,8945,65897
"270","MS",2020-09-11,112,3236,27739
"271","MT",2020-09-11,17,766,13904
"272","NC",2020-09-11,184,8032,161526
"273","ND",2020-09-11,8,1713,5609
"274","NE",2020-09-11,26,1904,18316
"275","NH",2020-09-11,2,252,9776
"276","NJ",2020-09-11,39,2466,173598
"277","NM",2020-09-11,25,617,29586
"278","NV",2020-09-11,64,2094,22373
"279","NY",2020-09-11,34,4820,527027
"280","OH",2020-09-11,155,6882,162746
"281","OK",2020-09-11,42,5602,54754
"282","OR",2020-09-11,24,1264,27546
"283","PA",2020-09-11,95,5223,75149
"284","RI",2020-09-11,16,662,18355
"285","SC",2020-09-11,182,5721,56771
"286","SD",2020-09-11,7,1521,7149
"287","TN",2020-09-11,188,9262,127883
"288","TX",2020-09-11,766,22527,311761
"289","UT",2020-09-11,12,2836,25255
"290","VA",2020-09-11,49,6861,87358
"291","VT",2020-09-11,0,26,6351
"292","WA",2020-09-11,46,3155,93504
"293","WI",2020-09-11,44,7161,43831
"294","WV",2020-09-11,20,1137,21743
"295","AK",2020-09-04,3,546,41853
"296","AL",2020-09-04,159,8208,-2658
"297","AR",2020-09-04,117,5095,45764
"298","AZ",2020-09-04,193,4023,48828
"299","CA",2020-09-04,800,33425,752908
"300","CO",2020-09-04,26,1944,35760
"301","CT",2020-09-04,3,870,109282
"302","DC",2020-09-04,6,335,21467
"303","DE",2020-09-04,2,669,14932
"304","FL",2020-09-04,804,24405,167925
"305","GA",2020-09-04,460,13982,131159
"306","IA",2020-09-04,46,5643,29533
"307","ID",2020-09-04,29,1805,12735
"308","IL",2020-09-04,146,16114,369748
"309","IN",2020-09-04,73,6571,66807
"310","KS",2020-09-04,38,4172,19886
"311","KY",2020-09-04,69,4920,42870
"312","LA",2020-09-04,131,5425,98040
"313","MA",2020-09-04,101,-5826,143442
"314","MD",2020-09-04,53,4167,76028
"315","ME",2020-09-04,2,196,35234
"316","MI",2020-09-04,86,5159,188948
"317","MN",2020-09-04,40,5726,60871
"318","MO",2020-09-04,98,9223,57874
"319","MS",2020-09-04,145,4645,19877
"320","MT",2020-09-04,14,956,16157
"321","NC",2020-09-04,187,11763,194442
"322","ND",2020-09-04,7,1869,7897
"323","NE",2020-09-04,13,2368,18805
"324","NH",2020-09-04,0,152,10954
"325","NJ",2020-09-04,45,2451,213077
"326","NM",2020-09-04,27,892,35538
"327","NV",2020-09-04,88,2860,17404
"328","NY",2020-09-04,36,5204,602752
"329","OH",2020-09-04,143,8320,200210
"330","OK",2020-09-04,60,5780,52835
"331","OR",2020-09-04,28,1547,31515
"332","PA",2020-09-04,87,5671,88044
"333","RI",2020-09-04,9,560,16655
"334","SC",2020-09-04,191,7374,48101
"335","SD",2020-09-04,5,2079,7274
"336","TN",2020-09-04,136,9782,117948
"337","TX",2020-09-04,965,29061,248330
"338","UT",2020-09-04,12,2891,29080
"339","VA",2020-09-04,112,7187,88205
"340","VT",2020-09-04,0,53,15390
"341","WA",2020-09-04,55,3153,106772
"342","WI",2020-09-04,40,5596,53396
"343","WV",2020-09-04,41,1213,28117
"344","AK",2020-08-28,7,520,17483
"345","AL",2020-08-28,117,9415,58348
"346","AR",2020-08-28,93,3931,35533
"347","AZ",2020-08-28,290,3759,52330
"348","CA",2020-08-28,869,38522,642743
"349","CO",2020-08-28,20,2113,40111
"350","CT",2020-08-28,5,976,104160
"351","DC",2020-08-28,3,382,22109
"352","DE",2020-08-28,4,313,12720
"353","FL",2020-08-28,795,22520,157945
"354","GA",2020-08-28,473,15742,151140
"355","IA",2020-08-28,74,5965,28055
"356","ID",2020-08-28,45,2002,13405
"357","IL",2020-08-28,140,13839,317832
"358","IN",2020-08-28,69,6996,78621
"359","KS",2020-08-28,24,4192,32640
"360","KY",2020-08-28,54,4492,51691
"361","LA",2020-08-28,217,5224,85148
"362","MA",2020-08-28,121,2368,135543
"363","MD",2020-08-28,62,3765,83238
"364","ME",2020-08-28,3,151,27157
"365","MI",2020-08-28,78,6518,251654
"366","MN",2020-08-28,60,5107,55066
"367","MO",2020-08-28,45,8028,50499
"368","MS",2020-08-28,199,4971,28109
"369","MT",2020-08-28,11,847,33401
"370","NC",2020-08-28,158,10579,141427
"371","ND",2020-08-28,6,1634,9348
"372","NE",2020-08-28,18,1753,16899
"373","NH",2020-08-28,4,166,16309
"374","NJ",2020-08-28,38,2154,131348
"375","NM",2020-08-28,30,969,44573
"376","NV",2020-08-28,102,3419,18821
"377","NY",2020-08-28,34,4255,546375
"378","OH",2020-08-28,150,7078,197082
"379","OK",2020-08-28,71,4514,50364
"380","OR",2020-08-28,33,1633,30913
"381","PA",2020-08-28,97,4358,89326
"382","RI",2020-08-28,16,661,20276
"383","SC",2020-08-28,196,5573,17755
"384","SD",2020-08-28,6,1633,7532
"385","TN",2020-08-28,152,9971,164295
"386","TX",2020-08-28,1215,34188,228148
"387","UT",2020-08-28,24,2503,25845
"388","VA",2020-08-28,114,6732,95743
"389","VT",2020-08-28,0,48,9709
"390","WA",2020-08-28,53,1289,37611
"391","WI",2020-08-28,46,5117,53769
"392","WV",2020-08-28,32,758,34504
"393","AK",2020-08-21,3,534,25072
"394","AL",2020-08-21,97,6461,65655
"395","AR",2020-08-21,76,3260,66671
"396","AZ",2020-08-21,265,5178,55235
"397","CA",2020-08-21,825,49261,723513
"398","CO",2020-08-21,52,2011,33710
"399","CT",2020-08-21,7,622,84058
"400","DC",2020-08-21,8,351,22402
"401","DE",2020-08-21,7,430,10103
"402","FL",2020-08-21,1028,30001,176646
"403","GA",2020-08-21,425,17735,132314
"404","IA",2020-08-21,55,4074,28828
"405","ID",2020-08-21,47,2489,13070
"406","IL",2020-08-21,136,13323,294333
"407","IN",2020-08-21,95,5685,66258
"408","KS",2020-08-21,17,2971,20301
"409","KY",2020-08-21,60,3967,43858
"410","LA",2020-08-21,257,4983,96812
"411","MA",2020-08-21,88,2685,131120
"412","MD",2020-08-21,43,4024,89970
"413","ME",2020-08-21,3,170,18652
"414","MI",2020-08-21,68,3894,160657
"415","MN",2020-08-21,60,4410,63581
"416","MO",2020-08-21,84,7694,63543
"417","MS",2020-08-21,171,5393,13367
"418","MT",2020-08-21,8,675,8091
"419","NC",2020-08-21,181,9742,143741
"420","ND",2020-08-21,7,1152,9257
"421","NE",2020-08-21,13,1688,17855
"422","NH",2020-08-21,6,129,7937
"423","NJ",2020-08-21,48,1653,184198
"424","NM",2020-08-21,37,964,43369
"425","NV",2020-08-21,140,4684,23423
"426","NY",2020-08-21,46,4345,546086
"427","OH",2020-08-21,171,6489,150997
"428","OK",2020-08-21,71,4849,52811
"429","OR",2020-08-21,29,1808,36406
"430","PA",2020-08-21,113,4683,94770
"431","RI",2020-08-21,9,687,15302
"432","SC",2020-08-21,255,5537,45860
"433","SD",2020-08-21,9,860,6901
"434","TN",2020-08-21,223,10386,158809
"435","TX",2020-08-21,1449,46987,250998
"436","UT",2020-08-21,23,2469,27111
"437","VA",2020-08-21,66,6022,115667
"438","VT",2020-08-21,0,40,9541
"439","WA",2020-08-21,101,3180,81943
"440","WI",2020-08-21,43,5070,58425
"441","WV",2020-08-21,13,792,38827
"442","AK",2020-08-14,2,581,26497
"443","AL",2020-08-14,158,8008,67560
"444","AR",2020-08-14,66,4353,32784
"445","AZ",2020-08-14,342,6668,56062
"446","CA",2020-08-14,985,62659,897057
"447","CO",2020-08-14,34,2783,39220
"448","CT",2020-08-14,12,577,72480
"449","DC",2020-08-14,5,529,27051
"450","DE",2020-08-14,5,895,11796
"451","FL",2020-08-14,1225,45210,218416
"452","GA",2020-08-14,456,22891,194033
"453","IA",2020-08-14,53,3067,28470
"454","ID",2020-08-14,28,3232,16289
"455","IL",2020-08-14,108,12215,288547
"456","IN",2020-08-14,90,6378,63007
"457","KS",2020-08-14,22,3247,23284
"458","KY",2020-08-14,40,4502,54146
"459","LA",2020-08-14,223,7991,124019
"460","MA",2020-08-14,94,2240,123237
"461","MD",2020-08-14,66,5069,98380
"462","ME",2020-08-14,2,101,21220
"463","MI",2020-08-14,42,5254,219302
"464","MN",2020-08-14,58,4538,58737
"465","MO",2020-08-14,34,7891,64238
"466","MS",2020-08-14,195,5494,18336
"467","MT",2020-08-14,11,784,11321
"468","NC",2020-08-14,179,9358,-71768
"469","ND",2020-08-14,7,998,9907
"470","NE",2020-08-14,20,1839,18483
"471","NH",2020-08-14,3,179,12972
"472","NJ",2020-08-14,57,3103,173946
"473","NM",2020-08-14,28,1214,44895
"474","NV",2020-08-14,125,5216,25990
"475","NY",2020-08-14,42,4525,528336
"476","OH",2020-08-14,132,7882,148432
"477","OK",2020-08-14,44,4642,52785
"478","OR",2020-08-14,37,1977,33437
"479","PA",2020-08-14,148,5671,105119
"480","RI",2020-08-14,7,597,11295
"481","SC",2020-08-14,242,6622,77201
"482","SD",2020-08-14,6,653,6634
"483","TN",2020-08-14,120,11676,138335
"484","TX",2020-08-14,1506,46069,235440
"485","UT",2020-08-14,25,2601,28116
"486","VA",2020-08-14,53,6956,104571
"487","VT",2020-08-14,0,53,6402
"488","WA",2020-08-14,83,3877,91599
"489","WI",2020-08-14,35,5653,69665
"490","WV",2020-08-14,30,841,31182
"491","AK",2020-08-07,2,611,35134
"492","AL",2020-08-07,155,10578,49371
"493","AR",2020-08-07,68,5528,42526
"494","AZ",2020-08-07,387,11043,60059
"495","CA",2020-08-07,1006,44828,741013
"496","CO",2020-08-07,38,3232,41785
"497","CT",2020-08-07,9,510,70127
"498","DC",2020-08-07,4,463,19521
"499","DE",2020-08-07,3,657,13080
"500","FL",2020-08-07,1085,47689,221162
"501","GA",2020-08-07,365,22652,155790
"502","IA",2020-08-07,46,3283,31005
"503","ID",2020-08-07,46,3153,16437
"504","IL",2020-08-07,118,11690,273379
"505","IN",2020-08-07,58,6100,63621
"506","KS",2020-08-07,22,2826,21179
"507","KY",2020-08-07,29,3645,50526
"508","LA",2020-08-07,258,12466,150293
"509","MA",2020-08-07,99,2679,94946
"510","MD",2020-08-07,72,5460,90173
"511","ME",2020-08-07,1,102,16453
"512","MI",2020-08-07,74,4896,187252
"513","MN",2020-08-07,41,4722,71195
"514","MO",2020-08-07,58,7056,58911
"515","MS",2020-08-07,185,6689,26018
"516","MT",2020-08-07,10,792,16994
"517","NC",2020-08-07,210,10664,172046
"518","ND",2020-08-07,3,857,10879
"519","NE",2020-08-07,12,2055,20891
"520","NH",2020-08-07,4,198,9958
"521","NJ",2020-08-07,63,2401,154062
"522","NM",2020-08-07,34,1385,51360
"523","NV",2020-08-07,90,6445,30650
"524","NY",2020-08-07,40,4628,475110
"525","OH",2020-08-07,163,7516,147245
"526","OK",2020-08-07,59,5768,54469
"527","OR",2020-08-07,26,2144,31356
"528","PA",2020-08-07,108,5231,94796
"529","RI",2020-08-07,7,716,11241
"530","SC",2020-08-07,250,9203,65923
"531","SD",2020-08-07,14,607,6485
"532","TN",2020-08-07,146,12823,135804
"533","TX",2020-08-07,1527,53578,277202
"534","UT",2020-08-07,31,3179,27011
"535","VA",2020-08-07,143,7994,90004
"536","VT",2020-08-07,1,34,6560
"537","WA",2020-08-07,89,4407,87956
"538","WI",2020-08-07,56,6094,92799
"539","WV",2020-08-07,11,791,27898
"540","AK",2020-07-31,4,929,31605
"541","AL",2020-07-31,142,11718,48765
"542","AR",2020-07-31,59,5262,36743
"543","AZ",2020-07-31,552,17709,79217
"544","CA",2020-07-31,819,58254,836911
"545","CO",2020-07-31,46,3890,51579
"546","CT",2020-07-31,19,1034,79890
"547","DC",2020-07-31,4,477,23004
"548","DE",2020-07-31,7,586,16135
"549","FL",2020-07-31,1198,68074,283378
"550","GA",2020-07-31,310,24951,167292
"551","IA",2020-07-31,44,3311,29228
"552","ID",2020-07-31,39,3510,15407
"553","IL",2020-07-31,110,10419,256665
"554","IN",2020-07-31,81,5556,63078
"555","KS",2020-07-31,32,2703,11837
"556","KY",2020-07-31,44,4220,50127
"557","LA",2020-07-31,234,12546,129971
"558","MA",2020-07-31,110,2627,86323
"559","MD",2020-07-31,71,6580,100261
"560","ME",2020-07-31,5,155,16392
"561","MI",2020-07-31,50,5502,224299
"562","MN",2020-07-31,34,4975,-93497
"563","MO",2020-07-31,65,10971,63187
"564","MS",2020-07-31,200,9084,33941
"565","MT",2020-07-31,14,926,19844
"566","NC",2020-07-31,178,13153,193652
"567","ND",2020-07-31,7,853,10401
"568","NE",2020-07-31,12,1948,19934
"569","NH",2020-07-31,10,226,8291
"570","NJ",2020-07-31,99,3315,205370
"571","NM",2020-07-31,39,2225,52427
"572","NV",2020-07-31,108,7203,40829
"573","NY",2020-07-31,60,4564,439828
"574","OH",2020-07-31,192,9413,191293
"575","OK",2020-07-31,57,7371,95165
"576","OR",2020-07-31,40,2388,35238
"577","PA",2020-07-31,88,6477,105447
"578","RI",2020-07-31,5,798,15190
"579","SC",2020-07-31,327,10409,53054
"580","SD",2020-07-31,8,564,7581
"581","TN",2020-07-31,122,16881,173911
"582","TX",2020-07-31,1852,51120,386701
"583","UT",2020-07-31,31,3234,31605
"584","VA",2020-07-31,107,7524,112924
"585","VT",2020-07-31,1,29,6647
"586","WA",2020-07-31,82,4980,87612
"587","WI",2020-07-31,56,6207,86869
"588","WV",2020-07-31,13,947,29868
"589","AK",2020-07-24,2,667,34491
"590","AL",2020-07-24,173,12914,52955
"591","AR",2020-07-24,41,5487,48480
"592","AZ",2020-07-24,559,17778,54071
"593","CA",2020-07-24,711,69170,802607
"594","CO",2020-07-24,30,3588,42940
"595","CT",2020-07-24,17,883,82081
"596","DC",2020-07-24,4,534,23119
"597","DE",2020-07-24,57,865,14851
"598","FL",2020-07-24,856,75071,320797
"599","GA",2020-07-24,310,26218,157548
"600","IA",2020-07-24,39,3549,35871
"601","ID",2020-07-24,24,3603,16271
"602","IL",2020-07-24,113,9190,257101
"603","IN",2020-07-24,81,5785,68329
"604","KS",2020-07-24,27,3144,25470
"605","KY",2020-07-24,33,4326,46088
"606","LA",2020-07-24,206,15144,140642
"607","MA",2020-07-24,95,2106,82787
"608","MD",2020-07-24,63,5395,90739
"609","ME",2020-07-24,3,121,17054
"610","MI",2020-07-24,45,4479,184661
"611","MN",2020-07-24,33,4475,98890
"612","MO",2020-07-24,57,8064,66655
"613","MS",2020-07-24,131,8834,31182
"614","MT",2020-07-24,9,673,18123
"615","NC",2020-07-24,140,13518,192805
"616","ND",2020-07-24,6,824,12411
"617","NE",2020-07-24,17,1684,21194
"618","NH",2020-07-24,10,153,7853
"619","NJ",2020-07-24,135,1794,116922
"620","NM",2020-07-24,34,2025,51592
"621","NV",2020-07-24,85,7590,37274
"622","NY",2020-07-24,66,4899,440497
"623","OH",2020-07-24,185,9466,142038
"624","OK",2020-07-24,39,4976,53022
"625","OR",2020-07-24,28,2302,40070
"626","PA",2020-07-24,109,6093,99465
"627","RI",2020-07-24,12,431,10396
"628","SC",2020-07-24,289,12547,63450
"629","SD",2020-07-24,6,411,7106
"630","TN",2020-07-24,123,15259,156682
"631","TX",2020-07-24,982,62254,402356
"632","UT",2020-07-24,38,4390,41875
"633","VA",2020-07-24,54,6931,106664
"634","VT",2020-07-24,0,51,8275
"635","WA",2020-07-24,55,5612,89465
"636","WI",2020-07-24,45,6659,83083
"637","WV",2020-07-24,3,912,29709
"638","AK",2020-07-17,0,758,22725
"639","AL",2020-07-17,161,12583,58316
"640","AR",2020-07-17,40,4959,37126
"641","AZ",2020-07-17,501,21631,74126
"642","CA",2020-07-17,624,61867,806495
"643","CO",2020-07-17,34,3201,44008
"644","CT",2020-07-17,48,606,71041
"645","DC",2020-07-17,9,372,20351
"646","DE",2020-07-17,4,685,15217
"647","FL",2020-07-17,709,83090,376051
"648","GA",2020-07-17,167,23972,128358
"649","IA",2020-07-17,41,3738,36467
"650","ID",2020-07-17,14,3705,18536
"651","IL",2020-07-17,128,7610,246989
"652","IN",2020-07-17,55,4513,49560
"653","KS",2020-07-17,15,3354,28220
"654","KY",2020-07-17,38,2935,47437
"655","LA",2020-07-17,129,13954,124738
"656","MA",2020-07-17,103,1769,74202
"657","MD",2020-07-17,56,4461,82692
"658","ME",2020-07-17,4,137,14902
"659","MI",2020-07-17,70,4908,173793
"660","MN",2020-07-17,40,4246,89440
"661","MO",2020-07-17,70,5289,77782
"662","MS",2020-07-17,117,6207,34945
"663","MT",2020-07-17,9,773,17453
"664","NC",2020-07-17,127,14146,179216
"665","ND",2020-07-17,4,632,9241
"666","NE",2020-07-17,15,1511,23671
"667","NH",2020-07-17,8,192,10543
"668","NJ",2020-07-17,178,1923,143847
"669","NM",2020-07-17,29,1887,45600
"670","NV",2020-07-17,58,7387,34129
"671","NY",2020-07-17,56,5252,452623
"672","OH",2020-07-17,80,9424,147147
"673","OK",2020-07-17,29,5048,48922
"674","OR",2020-07-17,22,2348,35077
"675","PA",2020-07-17,112,5602,95148
"676","RI",2020-07-17,14,481,12065
"677","SC",2020-07-17,167,13641,64499
"678","SD",2020-07-17,9,388,7043
"679","TN",2020-07-17,92,14273,141824
"680","TX",2020-07-17,722,67461,310071
"681","UT",2020-07-17,28,4349,47483
"682","VA",2020-07-17,55,6502,101477
"683","VT",2020-07-17,0,57,5211
"684","WA",2020-07-17,18,5543,95313
"685","WI",2020-07-17,19,5969,76786
"686","WV",2020-07-17,5,800,20549
"687","AK",2020-07-10,2,260,21463
"688","AL",2020-07-10,98,8643,52942
"689","AR",2020-07-10,32,4181,29994
"690","AZ",2020-07-10,294,25034,65796
"691","CA",2020-07-10,588,56062,671499
"692","CO",2020-07-10,60,2173,34677
"693","CT",2020-07-10,13,570,57805
"694","DC",2020-07-10,13,308,17767
"695","DE",2020-07-10,5,729,13636
"696","FL",2020-07-10,418,65557,274710
"697","GA",2020-07-10,109,20718,124413
"698","IA",2020-07-10,23,3555,37232
"699","ID",2020-07-10,8,2835,16534
"700","IL",2020-07-10,139,6027,205091
"701","IN",2020-07-10,67,3385,43024
"702","KS",2020-07-10,7,2692,23526
"703","KY",2020-07-10,35,2294,34749
"704","LA",2020-07-10,102,11347,109759
"705","MA",2020-07-10,146,1482,59354
"706","MD",2020-07-10,80,2949,54280
"707","ME",2020-07-10,6,126,14831
"708","MI",2020-07-10,70,3510,135030
"709","MN",2020-07-10,30,3143,77510
"710","MO",2020-07-10,25,3169,46697
"711","MS",2020-07-10,123,5852,25421
"712","MT",2020-07-10,5,465,14210
"713","NC",2020-07-10,87,11090,140229
"714","ND",2020-07-10,0,433,8590
"715","NE",2020-07-10,2,1171,15709
"716","NH",2020-07-10,12,151,8713
"717","NJ",2020-07-10,224,1886,135771
"718","NM",2020-07-10,30,1731,37513
"719","NV",2020-07-10,51,5190,36616
"720","NY",2020-07-10,83,4427,429162
"721","OH",2020-07-10,129,7599,123797
"722","OK",2020-07-10,18,4027,43193
"723","OR",2020-07-10,23,1818,30220
"724","PA",2020-07-10,134,5135,89361
"725","RI",2020-07-10,16,255,8622
"726","SC",2020-07-10,136,10887,55316
"727","SD",2020-07-10,10,423,5126
"728","TN",2020-07-10,90,10834,121252
"729","TX",2020-07-10,438,56579,319304
"730","UT",2020-07-10,26,4357,34981
"731","VA",2020-07-10,113,4538,75827
"732","VT",2020-07-10,0,41,5662
"733","WA",2020-07-10,67,5183,81782
"734","WI",2020-07-10,18,4668,61858
"735","WV",2020-07-10,2,857,19644
"736","AK",2020-07-03,1,227,18189
"737","AL",2020-07-03,99,7682,44626
"738","AR",2020-07-03,41,4560,49297
"739","AZ",2020-07-03,253,25310,73248
"740","CA",2020-07-03,451,47774,629088
"741","CO",2020-07-03,46,1873,35840
"742","CT",2020-07-03,28,658,69604
"743","DC",2020-07-03,9,250,14436
"744","DE",2020-07-03,5,906,15337
"745","FL",2020-07-03,321,55634,256841
"746","GA",2020-07-03,86,17498,112691
"747","IA",2020-07-03,16,2743,35075
"748","ID",2020-07-03,2,1728,14611
"749","IL",2020-07-03,158,5528,204224
"750","IN",2020-07-03,86,2775,47488
"751","KS",2020-07-03,13,2381,21321
"752","KY",2020-07-03,32,1517,43376
"753","LA",2020-07-03,88,8520,97616
"754","MA",2020-07-03,120,1558,62137
"755","MD",2020-07-03,81,2846,54591
"756","ME",2020-07-03,2,271,13324
"757","MI",2020-07-03,81,2846,123713
"758","MN",2020-07-03,57,3008,84886
"759","MO",2020-07-03,36,2916,53425
"760","MS",2020-07-03,70,3704,23441
"761","MT",2020-07-03,1,299,17043
"762","NC",2020-07-03,89,11423,151145
"763","ND",2020-07-03,1,301,9387
"764","NE",2020-07-03,22,1106,18026
"765","NH",2020-07-03,10,151,7268
"766","NJ",2020-07-03,248,2158,136671
"767","NM",2020-07-03,18,1328,40639
"768","NV",2020-07-03,30,4858,29545
"769","NY",2020-07-03,71,4652,422016
"770","OH",2020-07-03,115,6619,99986
"771","OK",2020-07-03,21,2722,50355
"772","OR",2020-07-03,7,1818,36046
"773","PA",2020-07-03,167,4371,80692
"774","RI",2020-07-03,33,280,7619
"775","SC",2020-07-03,99,11197,63164
"776","SD",2020-07-03,9,443,5535
"777","TN",2020-07-03,56,9268,111189
"778","TX",2020-07-03,251,45908,270664
"779","UT",2020-07-03,15,3816,35252
"780","VA",2020-07-03,145,3823,78074
"781","VT",2020-07-03,0,38,6768
"782","WA",2020-07-03,42,4829,85076
"783","WI",2020-07-03,37,3763,66385
"784","WV",2020-07-03,1,414,18331
"785","AK",2020-06-26,2,114,18047
"786","AL",2020-06-26,85,5181,41817
"787","AR",2020-06-26,26,3431,39177
"788","AZ",2020-06-26,223,19859,67748
"789","CA",2020-06-26,452,35045,580567
"790","CO",2020-06-26,58,1578,36553
"791","CT",2020-06-26,69,502,37234
"792","DC",2020-06-26,16,233,14099
"793","DE",2020-06-26,3,406,11260
"794","FL",2020-06-26,267,33212,202802
"795","GA",2020-06-26,134,10986,89736
"796","IA",2020-06-26,23,2411,34583
"797","ID",2020-06-26,1,1122,11703
"798","IL",2020-06-26,333,4874,175128
"799","IN",2020-06-26,79,2394,58609
"800","KS",2020-06-26,10,1479,18731
"801","KY",2020-06-26,31,1405,38122
"802","LA",2020-06-26,106,6254,80843
"803","MA",2020-06-26,196,1420,61858
"804","MD",2020-06-26,112,2567,50161
"805","ME",2020-06-26,1,189,12504
"806","MI",2020-06-26,67,2232,99546
"807","MN",2020-06-26,53,2585,79541
"808","MO",2020-06-26,42,2713,39621
"809","MS",2020-06-26,84,4425,28754
"810","MT",2020-06-26,2,163,11576
"811","NC",2020-06-26,106,8978,115434
"812","ND",2020-06-26,6,195,8085
"813","NE",2020-06-26,20,931,16225
"814","NH",2020-06-26,34,221,10822
"815","NJ",2020-06-26,225,2088,150241
"816","NM",2020-06-26,29,1039,33456
"817","NV",2020-06-26,7,3374,21548
"818","NY",2020-06-26,128,4664,417690
"819","OH",2020-06-26,121,4907,100609
"820","OK",2020-06-26,10,2637,33562
"821","OR",2020-06-26,14,1246,21705
"822","PA",2020-06-26,180,3608,78255
"823","RI",2020-06-26,33,364,8705
"824","SC",2020-06-26,55,7704,38667
"825","SD",2020-06-26,7,377,5445
"826","TN",2020-06-26,62,5427,74916
"827","TX",2020-06-26,184,34319,239101
"828","UT",2020-06-26,11,3625,26585
"829","VA",2020-06-26,98,3777,90275
"830","VT",2020-06-26,0,54,5648
"831","WA",2020-06-26,55,3793,75173
"832","WI",2020-06-26,36,2755,62417
"833","WV",2020-06-26,4,277,15666
"834","AK",2020-06-19,0,97,12654
"835","AL",2020-06-19,53,5292,39648
"836","AR",2020-06-19,38,3084,50566
"837","AZ",2020-06-19,168,13771,55666
"838","CA",2020-06-19,417,23433,470011
"839","CO",2020-06-19,78,1254,28822
"840","CT",2020-06-19,79,868,46088
"841","DC",2020-06-19,24,298,11540
"842","DE",2020-06-19,10,438,12302
"843","FL",2020-06-19,230,18777,178195
"844","GA",2020-06-19,218,6226,72122
"845","IA",2020-06-19,38,1938,30167
"846","ID",2020-06-19,3,441,7672
"847","IL",2020-06-19,254,4411,159630
"848","IN",2020-06-19,120,2600,55107
"849","KS",2020-06-19,11,1012,17485
"850","KY",2020-06-19,29,1509,28624
"851","LA",2020-06-19,88,3520,107855
"852","MA",2020-06-19,237,1591,55857
"853","MD",2020-06-19,130,2935,50639
"854","ME",2020-06-19,2,192,10082
"855","MI",2020-06-19,77,1425,92216
"856","MN",2020-06-19,88,1568,65532
"857","MO",2020-06-19,76,1616,39533
"858","MS",2020-06-19,57,1550,22672
"859","MT",2020-06-19,2,93,11307
"860","NC",2020-06-19,105,8591,108025
"861","ND",2020-06-19,4,209,8232
"862","NE",2020-06-19,28,1100,15973
"863","NH",2020-06-19,23,241,11567
"864","NJ",2020-06-19,346,2332,136615
"865","NM",2020-06-19,30,627,24264
"866","NV",2020-06-19,16,1810,33105
"867","NY",2020-06-19,191,4842,452721
"868","OH",2020-06-19,159,3307,89011
"869","OK",2020-06-19,8,1858,26506
"870","OR",2020-06-19,15,1195,26533
"871","PA",2020-06-19,237,2763,68071
"872","RI",2020-06-19,61,390,8914
"873","SC",2020-06-19,46,5461,46780
"874","SD",2020-06-19,7,416,7772
"875","TN",2020-06-19,47,4891,66625
"876","TX",2020-06-19,201,19625,177332
"877","UT",2020-06-19,16,2848,25724
"878","VA",2020-06-19,68,3582,58299
"879","VT",2020-06-19,1,25,7228
"880","WA",2020-06-19,51,2855,62700
"881","WI",2020-06-19,41,2118,67389
"882","WV",2020-06-19,2,202,21773
"883","AK",2020-06-12,2,101,9789
"884","AL",2020-06-12,93,4323,42589
"885","AR",2020-06-12,24,2896,30615
"886","AZ",2020-06-12,132,8586,50328
"887","CA",2020-06-12,458,19082,404713
"888","CO",2020-06-12,84,1287,29659
"889","CT",2020-06-12,121,1229,56516
"890","DC",2020-06-12,31,455,9637
"891","DE",2020-06-12,9,400,10565
"892","FL",2020-06-12,222,9483,191476
"893","GA",2020-06-12,244,5162,79008
"894","IA",2020-06-12,51,2185,31696
"895","ID",2020-06-12,3,248,7560
"896","IL",2020-06-12,465,6144,140899
"897","IN",2020-06-12,138,2568,40974
"898","KS",2020-06-12,11,654,14845
"899","KY",2020-06-12,27,968,37709
"900","LA",2020-06-12,84,3006,55742
"901","MA",2020-06-12,285,2502,56088
"902","MD",2020-06-12,198,3843,48526
"903","ME",2020-06-12,2,239,9116
"904","MI",2020-06-12,81,851,80165
"905","MN",2020-06-12,146,1775,73092
"906","MO",2020-06-12,73,1332,39261
"907","MS",2020-06-12,78,2332,19048
"908","MT",2020-06-12,0,32,11102
"909","NC",2020-06-12,126,7994,105556
"910","ND",2020-06-12,8,270,7037
"911","NE",2020-06-12,26,1198,14753
"912","NH",2020-06-12,35,333,11819
"913","NJ",2020-06-12,440,2828,133677
"914","NM",2020-06-12,43,1173,36354
"915","NV",2020-06-12,15,1410,31928
"916","NY",2020-06-12,320,5506,436382
"917","OH",2020-06-12,153,2666,74857
"918","OK",2020-06-12,15,941,28802
"919","OR",2020-06-12,12,807,22136
"920","PA",2020-06-12,276,2994,64184
"921","RI",2020-06-12,61,502,8827
"922","SC",2020-06-12,55,3717,1043
"923","SD",2020-06-12,9,465,9177
"924","TN",2020-06-12,60,3606,104395
"925","TX",2020-06-12,151,12067,153314
"926","UT",2020-06-12,19,2325,24264
"927","VA",2020-06-12,81,4679,82081
"928","VT",2020-06-12,0,92,9425
"929","WA",2020-06-12,56,2346,61890
"930","WI",2020-06-12,56,2196,74030
"931","WV",2020-06-12,2,114,15407
"932","AK",2020-06-05,0,94,11457
"933","AL",2020-06-05,71,2564,28026
"934","AR",2020-06-05,27,2113,25730
"935","AZ",2020-06-05,127,5867,48185
"936","CA",2020-06-05,417,19015,383970
"937","CO",2020-06-05,87,2239,32226
"938","CT",2020-06-05,170,1698,44296
"939","DC",2020-06-05,15,661,7342
"940","DE",2020-06-05,22,537,8659
"941","FL",2020-06-05,250,6991,144710
"942","GA",2020-06-05,200,4951,52566
"943","IA",2020-06-05,70,2226,31117
"944","ID",2020-06-05,1,285,8578
"945","IL",2020-06-05,525,8460,140697
"946","IN",2020-06-05,148,3020,39905
"947","KS",2020-06-05,24,674,18030
"948","KY",2020-06-05,57,1793,19350
"949","LA",2020-06-05,146,3187,62572
"950","MA",2020-06-05,379,7045,55979
"951","MD",2020-06-05,164,5782,57426
"952","ME",2020-06-05,13,256,11570
"953","MI",2020-06-05,131,1705,101582
"954","MN",2020-06-05,153,2675,62373
"955","MO",2020-06-05,61,1458,45234
"956","MS",2020-06-05,93,1969,24836
"957","MT",2020-06-05,1,48,7311
"958","NC",2020-06-05,107,6767,84149
"959","ND",2020-06-05,11,225,7178
"960","NE",2020-06-05,22,1856,18163
"961","NH",2020-06-05,41,490,12413
"962","NJ",2020-06-05,518,4492,197988
"963","NM",2020-06-05,48,989,33224
"964","NV",2020-06-05,25,916,30775
"965","NY",2020-06-05,395,7924,407458
"966","OH",2020-06-05,224,3192,73113
"967","OK",2020-06-05,15,569,28504
"968","OR",2020-06-05,10,439,20126
"969","PA",2020-06-05,422,3666,57231
"970","RI",2020-06-05,79,713,10544
"971","SC",2020-06-05,55,2322,40720
"972","SD",2020-06-05,6,411,12270
"973","TN",2020-06-05,48,3435,56770
"974","TX",2020-06-05,162,10607,157694
"975","UT",2020-06-05,13,1988,24354
"976","VA",2020-06-05,95,5999,59394
"977","VT",2020-06-05,0,52,7180
"978","WA",2020-06-05,32,2179,43098
"979","WI",2020-06-05,65,2756,69744
"980","WV",2020-06-05,10,168,14973
"981","AK",2020-05-29,0,26,7967
"982","AL",2020-05-29,68,3260,27855
"983","AR",2020-05-29,12,926,15795
"984","AZ",2020-05-29,110,2857,30953
"985","CA",2020-05-29,438,15442,353263
"986","CO",2020-05-29,106,1930,24804
"987","CT",2020-05-29,231,2122,36943
"988","DC",2020-05-29,42,645,220
"989","DE",2020-05-29,43,707,7840
"990","FL",2020-05-29,227,5046,142697
"991","GA",2020-05-29,189,4452,18570
"992","IA",2020-05-29,97,2422,24648
"993","ID",2020-05-29,5,235,4931
"994","IL",2020-05-29,555,12011,142618
"995","IN",2020-05-29,169,3149,37003
"996","KS",2020-05-29,23,761,17754
"997","KY",2020-05-29,23,898,54136
"998","LA",2020-05-29,98,1877,41342
"999","MA",2020-05-29,490,4623,55478
"1000","MD",2020-05-29,264,6564,50052
"1001","ME",2020-05-29,10,278,8030
"1002","MI",2020-05-29,192,2041,97586
"1003","MN",2020-05-29,155,3639,55688
"1004","MO",2020-05-29,67,1237,3667
"1005","MS",2020-05-29,114,2166,26169
"1006","MT",2020-05-29,1,14,6658
"1007","NC",2020-05-29,131,4870,83137
"1008","ND",2020-05-29,9,284,6420
"1009","NE",2020-05-29,21,1836,14548
"1010","NH",2020-05-29,33,451,11311
"1011","NJ",2020-05-29,546,6125,154972
"1012","NM",2020-05-29,41,892,29885
"1013","NV",2020-05-29,35,949,33526
"1014","NY",2020-05-29,585,10130,333207
"1015","OH",2020-05-29,259,3772,58318
"1016","OK",2020-05-29,22,489,33742
"1017","OR",2020-05-29,4,267,14575
"1018","PA",2020-05-29,480,5081,54227
"1019","RI",2020-05-29,114,859,8262
"1020","SC",2020-05-29,64,1493,36741
"1021","SD",2020-05-29,9,510,7828
"1022","TN",2020-05-29,45,2691,51106
"1023","TX",2020-05-29,146,7557,144356
"1024","UT",2020-05-29,14,1207,17814
"1025","VA",2020-05-29,222,7583,65619
"1026","VT",2020-05-29,1,23,6129
"1027","WA",2020-05-29,62,1793,37424
"1028","WI",2020-05-29,72,3503,60885
"1029","WV",2020-05-29,3,335,8213
"1030","AK",2020-05-22,0,16,9012
"1031","AL",2020-05-22,61,2347,29358
"1032","AR",2020-05-22,15,1149,20369
"1033","AZ",2020-05-22,124,2439,31563
"1034","CA",2020-05-22,522,13508,319359
"1035","CO",2020-05-22,-29,2353,21842
"1036","CT",2020-05-22,352,3555,42865
"1037","DC",2020-05-22,50,1022,7632
"1038","DE",2020-05-22,47,1156,9552
"1039","FL",2020-05-22,277,6241,220418
"1040","GA",2020-05-22,228,4537,120838
"1041","IA",2020-05-22,89,2455,24229
"1042","ID",2020-05-22,5,183,4667
"1043","IL",2020-05-22,657,15075,143456
"1044","IN",2020-05-22,250,3754,39359
"1045","KS",2020-05-22,13,1072,13770
"1046","KY",2020-05-22,58,1061,43901
"1047","LA",2020-05-22,220,3088,55531
"1048","MA",2020-05-22,636,7468,68497
"1049","MD",2020-05-22,283,7438,37638
"1050","ME",2020-05-22,6,345,13358
"1051","MI",2020-05-22,261,3388,99455
"1052","MN",2020-05-22,159,5011,46663
"1053","MO",2020-05-22,95,1102,37386
"1054","MS",2020-05-22,103,1823,29327
"1055","MT",2020-05-22,0,13,6426
"1056","NC",2020-05-22,87,4489,67188
"1057","ND",2020-05-22,4,475,10559
"1058","NE",2020-05-22,30,2009,19195
"1059","NH",2020-05-22,40,471,12017
"1060","NJ",2020-05-22,847,8814,83528
"1061","NM",2020-05-22,52,969,32197
"1062","NV",2020-05-22,32,787,27008
"1063","NY",2020-05-22,891,12341,250404
"1064","OH",2020-05-22,291,3840,57778
"1065","OK",2020-05-22,22,763,34212
"1066","OR",2020-05-22,10,323,18010
"1067","PA",2020-05-22,642,5636,53533
"1068","RI",2020-05-22,100,1286,11383
"1069","SC",2020-05-22,39,1231,39176
"1070","SD",2020-05-22,6,469,4461
"1071","TN",2020-05-22,25,2424,55990
"1072","TX",2020-05-22,208,8251,123481
"1073","UT",2020-05-22,16,1144,22472
"1074","VA",2020-05-22,159,6278,40883
"1075","VT",2020-05-22,1,20,3544
"1076","WA",2020-05-22,61,1676,40022
"1077","WI",2020-05-22,51,2996,44046
"1078","WV",2020-05-22,9,175,13718
"1079","AK",2020-05-15,0,11,6934
"1080","AL",2020-05-15,101,1995,23954
"1081","AR",2020-05-15,10,769,16766
"1082","AZ",2020-05-15,134,2643,38233
"1083","CA",2020-05-15,523,12424,246210
"1084","CO",2020-05-15,130,2467,21457
"1085","CT",2020-05-15,411,3674,31693
"1086","DC",2020-05-15,64,972,6252
"1087","DE",2020-05-15,76,1262,8752
"1088","FL",2020-05-15,253,4011,91485
"1089","GA",2020-05-15,180,4575,69732
"1090","IA",2020-05-15,93,2592,20713
"1091","ID",2020-05-15,5,173,3302
"1092","IL",2020-05-15,817,16609,122279
"1093","IN",2020-05-15,244,3509,31811
"1094","KS",2020-05-15,20,1385,12499
"1095","KY",2020-05-15,34,1096,38781
"1096","LA",2020-05-15,221,2982,47791
"1097","MA",2020-05-15,890,8088,61568
"1098","MD",2020-05-15,348,6501,24138
"1099","ME",2020-05-15,6,229,0
"1100","MI",2020-05-15,338,5338,93685
"1101","MN",2020-05-15,158,4323,38365
"1102","MO",2020-05-15,127,967,24770
"1103","MS",2020-05-15,84,1711,23921
"1104","MT",2020-05-15,0,8,4465
"1105","NC",2020-05-15,114,3261,49673
"1106","ND",2020-05-15,11,336,8878
"1107","NE",2020-05-15,23,2226,14577
"1108","NH",2020-05-15,45,621,11319
"1109","NJ",2020-05-15,1186,8451,155762
"1110","NM",2020-05-15,70,1010,29559
"1111","NV",2020-05-15,40,730,18072
"1112","NY",2020-05-15,1259,15406,201099
"1113","OH",2020-05-15,275,3938,57928
"1114","OK",2020-05-15,19,662,27673
"1115","OR",2020-05-15,13,473,16340
"1116","PA",2020-05-15,726,6384,42889
"1117","RI",2020-05-15,80,1522,12129
"1118","SC",2020-05-15,64,1265,34909
"1119","SD",2020-05-15,13,743,5378
"1120","TN",2020-05-15,49,2529,63649
"1121","TX",2020-05-15,268,8589,123923
"1122","UT",2020-05-15,16,994,23536
"1123","VA",2020-05-15,165,6330,41739
"1124","VT",2020-05-15,0,14,4015
"1125","WA",2020-05-15,92,1578,34068
"1126","WI",2020-05-15,61,2314,31392
"1127","WV",2020-05-15,11,131,11369
"1128","AK",2020-05-08,1,13,5135
"1129","AL",2020-05-08,96,2063,26118
"1130","AR",2020-05-08,24,373,13945
"1131","AZ",2020-05-08,187,2564,23682
"1132","CA",2020-05-08,512,12070,208217
"1133","CO",2020-05-08,184,3087,18629
"1134","CT",2020-05-08,535,3647,16637
"1135","DC",2020-05-08,73,1241,4739
"1136","DE",2020-05-08,75,1193,4486
"1137","FL",2020-05-08,424,4471,106171
"1138","GA",2020-05-08,223,4836,54364
"1139","IA",2020-05-08,73,3573,21096
"1140","ID",2020-05-08,4,163,1882
"1141","IL",2020-05-08,784,17705,97321
"1142","IN",2020-05-08,272,4516,25973
"1143","KS",2020-05-08,22,2052,12622
"1144","KY",2020-05-08,54,1421,23368
"1145","LA",2020-05-08,300,2144,32021
"1146","MA",2020-05-08,986,11022,65365
"1147","MD",2020-05-08,367,7013,24191
"1148","ME",2020-05-08,8,251,2546
"1149","MI",2020-05-08,467,4109,69335
"1150","MN",2020-05-08,163,4304,24194
"1151","MO",2020-05-08,112,1654,24642
"1152","MS",2020-05-08,128,1878,7765
"1153","MT",2020-05-08,0,5,6737
"1154","NC",2020-05-08,128,2945,41836
"1155","ND",2020-05-08,1,317,12658
"1156","NE",2020-05-08,20,2909,10118
"1157","NH",2020-05-08,42,697,7926
"1158","NJ",2020-05-08,1414,14264,27950
"1159","NM",2020-05-08,49,1082,20081
"1160","NV",2020-05-08,51,657,9092
"1161","NY",2020-05-08,2435,22093,172012
"1162","OH",2020-05-08,304,4273,39537
"1163","OK",2020-05-08,36,676,25629
"1164","OR",2020-05-08,20,489,14028
"1165","PA",2020-05-08,1262,7267,35844
"1166","RI",2020-05-08,120,1808,12010
"1167","SC",2020-05-08,60,884,13179
"1168","SD",2020-05-08,10,619,3311
"1169","TN",2020-05-08,37,2550,54896
"1170","TX",2020-05-08,188,7380,117963
"1171","UT",2020-05-08,15,1091,25039
"1172","VA",2020-05-08,231,5441,18064
"1173","VT",2020-05-08,3,33,2292
"1174","WA",2020-05-08,77,1647,33366
"1175","WI",2020-05-08,57,2480,24699
"1176","WV",2020-05-08,5,174,12418
"1177","AK",2020-05-01,0,25,8019
"1178","AL",2020-05-01,82,1326,37912
"1179","AR",2020-05-01,19,580,13518
"1180","AZ",2020-05-01,64,1917,12248
"1181","CA",2020-05-01,511,11188,149624
"1182","CO",2020-05-01,225,4022,16044
"1183","CT",2020-05-01,575,4843,21376
"1184","DC",2020-05-01,78,1130,3472
"1185","DE",2020-05-01,75,1476,3730
"1186","FL",2020-05-01,283,4554,81186
"1187","GA",2020-05-01,262,5123,56068
"1188","IA",2020-05-01,63,3439,10180
"1189","ID",2020-05-01,9,179,9599
"1190","IL",2020-05-01,662,16397,78659
"1191","IN",2020-05-01,434,4950,19136
"1192","KS",2020-05-01,19,1672,7774
"1193","KY",2020-05-01,49,1227,12541
"1194","LA",2020-05-01,326,2571,27568
"1195","MA",2020-05-01,839,13342,61081
"1196","MD",2020-05-01,377,6856,29411
"1197","ME",2020-05-01,8,158,2762
"1198","MI",2020-05-01,702,5510,55753
"1199","MN",2020-05-01,150,3948,22508
"1200","MO",2020-05-01,75,1210,16008
"1201","MS",2020-05-01,72,1778,14100
"1202","MT",2020-05-01,2,9,2067
"1203","NC",2020-05-01,130,2871,30377
"1204","ND",2020-05-01,8,360,11717
"1205","NE",2020-05-01,23,2157,6616
"1206","NH",2020-05-01,21,476,4764
"1207","NJ",2020-05-01,1921,18994,31589
"1208","NM",2020-05-01,45,1032,20274
"1209","NV",2020-05-01,61,829,6574
"1210","NY",2020-05-01,2448,36724,160058
"1211","OH",2020-05-01,312,3574,29235
"1212","OK",2020-05-01,42,627,16785
"1213","OR",2020-05-01,18,402,12282
"1214","PA",2020-05-01,862,8319,32986
"1215","RI",2020-05-01,77,2145,13257
"1216","SC",2020-05-01,106,1341,13575
"1217","SD",2020-05-01,11,485,2054
"1218","TN",2020-05-01,36,3165,51639
"1219","TX",2020-05-01,223,6423,102805
"1220","UT",2020-05-01,7,1046,26815
"1221","VA",2020-05-01,171,5307,31693
"1222","VT",2020-05-01,6,42,2122
"1223","WA",2020-05-01,155,1836,32379
"1224","WI",2020-05-01,65,2186,17993
"1225","WV",2020-05-01,14,148,16885
"1226","AK",2020-04-24,0,30,2801
"1227","AL",2020-04-24,53,1302,13545
"1228","AR",2020-04-24,8,1046,11038
"1229","AZ",2020-04-24,97,1538,9946
"1230","CA",2020-04-24,577,11726,230833
"1231","CO",2020-04-24,178,2587,7907
"1232","CT",2020-04-24,728,7112,11464
"1233","DC",2020-04-24,67,1052,2838
"1234","DE",2020-04-24,71,1119,2243
"1235","FL",2020-04-24,332,6055,76067
"1236","GA",2020-04-24,242,4953,30539
"1237","IA",2020-04-24,43,2113,8068
"1238","ID",2020-04-24,13,227,2568
"1239","IL",2020-04-24,661,12083,47386
"1240","IN",2020-04-24,222,3526,17242
"1241","KS",2020-04-24,27,1072,5615
"1242","KY",2020-04-24,62,1052,12045
"1243","LA",2020-04-24,388,3022,3103
"1244","MA",2020-04-24,1055,15844,47049
"1245","MD",2020-04-24,358,5044,17663
"1246","ME",2020-04-24,18,138,2708
"1247","MI",2020-04-24,834,6410,39786
"1248","MN",2020-04-24,110,2120,10886
"1249","MO",2020-04-24,97,1342,12148
"1250","MS",2020-04-24,69,1641,15445
"1251","MT",2020-04-24,6,22,1861
"1252","NC",2020-04-24,117,2193,25410
"1253","ND",2020-04-24,6,309,4798
"1254","NE",2020-04-24,23,1058,4450
"1255","NH",2020-04-24,14,383,3718
"1256","NJ",2020-04-24,1777,23729,24784
"1257","NM",2020-04-24,34,782,11293
"1258","NV",2020-04-24,54,874,5556
"1259","NY",2020-04-24,3340,41948,115485
"1260","OH",2020-04-24,272,6062,23709
"1261","OK",2020-04-24,52,656,11864
"1262","OR",2020-04-24,16,392,8779
"1263","PA",2020-04-24,736,9211,29559
"1264","RI",2020-04-24,84,2603,12914
"1265","SC",2020-04-24,41,986,7193
"1266","SD",2020-04-24,3,629,3133
"1267","TN",2020-04-24,26,2137,41918
"1268","TX",2020-04-24,165,5435,67576
"1269","UT",2020-04-24,16,977,27949
"1270","VA",2020-04-24,179,4103,16340
"1271","VT",2020-04-24,9,41,1995
"1272","WA",2020-04-24,74,1782,28778
"1273","WI",2020-04-24,57,1525,12208
"1274","WV",2020-04-24,19,234,10896
"1275","AK",2020-04-17,2,63,1955
"1276","AL",2020-04-17,64,1562,15260
"1277","AR",2020-04-17,14,524,5850
"1278","AZ",2020-04-17,72,1395,10101
"1279","CA",2020-04-17,444,8056,78695
"1280","CO",2020-04-17,124,2165,7012
"1281","CT",2020-04-17,588,6271,12903
"1282","DC",2020-04-17,48,816,2472
"1283","DE",2020-04-17,40,997,1279
"1284","FL",2020-04-17,309,6588,65419
"1285","GA",2020-04-17,234,5711,19826
"1286","IA",2020-04-17,33,944,4895
"1287","ID",2020-04-17,17,256,3302
"1288","IL",2020-04-17,538,9688,32948
"1289","IN",2020-04-17,219,3247,16498
"1290","KS",2020-04-17,34,539,4948
"1291","KY",2020-04-17,39,736,4723
"1292","LA",2020-04-17,458,3865,35842
"1293","MA",2020-04-17,990,14247,35631
"1294","MD",2020-04-17,286,4604,12957
"1295","ME",2020-04-17,12,241,7988
"1296","MI",2020-04-17,1067,6148,23671
"1297","MN",2020-04-17,54,936,8474
"1298","MO",2020-04-17,69,1484,9493
"1299","MS",2020-04-17,58,1324,16159
"1300","MT",2020-04-17,2,57,1890
"1301","NC",2020-04-17,78,1951,13385
"1302","ND",2020-04-17,3,160,2573
"1303","NE",2020-04-17,9,431,3319
"1304","NH",2020-04-17,16,468,2282
"1305","NJ",2020-04-17,1908,23879,20047
"1306","NM",2020-04-17,25,506,6884
"1307","NV",2020-04-17,42,940,6073
"1308","NY",2020-04-17,4978,59130,96208
"1309","OH",2020-04-17,187,3229,16124
"1310","OK",2020-04-17,48,671,10785
"1311","OR",2020-04-17,26,464,10230
"1312","PA",2020-04-17,340,9462,24892
"1313","RI",2020-04-17,69,2012,10754
"1314","SC",2020-04-17,37,866,7235
"1315","SD",2020-04-17,1,875,2540
"1316","TN",2020-04-17,44,1727,22747
"1317","TX",2020-04-17,202,5700,48118
"1318","UT",2020-04-17,6,703,14306
"1319","VA",2020-04-17,110,2982,10556
"1320","VT",2020-04-17,11,89,3311
"1321","WA",2020-04-17,109,1905,25330
"1322","WI",2020-04-17,77,1174,9140
"1323","WV",2020-04-17,8,200,3926
"1324","AK",2020-04-10,4,89,1327
"1325","AL",2020-04-10,45,1536,9871
"1326","AR",2020-04-10,11,467,6954
"1327","AZ",2020-04-10,56,1343,11718
"1328","CA",2020-04-10,304,8771,120792
"1329","CO",2020-04-10,153,2782,9460
"1330","CT",2020-04-10,317,5624,10649
"1331","DC",2020-04-10,23,903,2868
"1332","DE",2020-04-10,19,876,5420
"1333","FL",2020-04-10,227,7946,63162
"1334","GA",2020-04-10,232,5652,15230
"1335","IA",2020-04-10,20,689,5811
"1336","ID",2020-04-10,15,462,4687
"1337","IL",2020-04-10,386,8983,30496
"1338","IN",2020-04-10,198,3470,13735
"1339","KS",2020-04-10,33,546,3794
"1340","KY",2020-04-10,59,923,10561
"1341","LA",2020-04-10,385,8956,29679
"1342","MA",2020-04-10,567,10575,28879
"1343","MD",2020-04-10,171,4210,16548
"1344","ME",2020-04-10,8,154,0
"1345","MI",2020-04-10,999,7593,22537
"1346","MN",2020-04-10,35,613,10283
"1347","MO",2020-04-10,77,1686,17584
"1348","MS",2020-04-10,53,1111,13879
"1349","MT",2020-04-10,1,122,2599
"1350","NC",2020-04-10,55,1815,24232
"1351","ND",2020-04-10,3,105,3705
"1352","NE",2020-04-10,9,356,4232
"1353","NH",2020-04-10,16,340,2564
"1354","NJ",2020-04-10,1286,24693,21327
"1355","NM",2020-04-10,12,688,11632
"1356","NV",2020-04-10,61,1070,7147
"1357","NY",2020-04-10,4909,67649,89716
"1358","OH",2020-04-10,140,2566,17632
"1359","OK",2020-04-10,50,806,19055
"1360","OR",2020-04-10,22,422,7771
"1361","PA",2020-04-10,314,11559,39345
"1362","RI",2020-04-10,35,1742,10061
"1363","SC",2020-04-10,41,1511,19677
"1364","SD",2020-04-10,4,349,2518
"1365","TN",2020-04-10,61,1795,23165
"1366","TX",2020-04-10,136,6341,53613
"1367","UT",2020-04-10,10,856,15658
"1368","VA",2020-04-10,75,2497,13957
"1369","VT",2020-04-10,7,253,2637
"1370","WA",2020-04-10,138,2202,27489
"1371","WI",2020-04-10,91,1402,10848
"1372","WV",2020-04-10,3,317,7871
"1373","AK",2020-04-03,2,88,3540
"1374","AL",2020-04-03,32,845,4003
"1375","AR",2020-04-03,9,323,7450
"1376","AZ",2020-04-03,28,1033,15449
"1377","CA",2020-04-03,159,6822,7219
"1378","CO",2020-04-03,73,2298,7991
"1379","CT",2020-04-03,104,3623,7992
"1380","DC",2020-04-03,12,490,2930
"1381","DE",2020-04-03,12,287,4959
"1382","FL",2020-04-03,129,6820,53951
"1383","GA",2020-04-03,120,3830,11570
"1384","IA",2020-04-03,8,464,5014
"1385","ID",2020-04-03,6,702,4386
"1386","IL",2020-04-03,176,5878,20628
"1387","IN",2020-04-03,78,2456,8443
"1388","KS",2020-04-03,13,418,3225
"1389","KY",2020-04-03,25,522,8266
"1390","LA",2020-04-03,251,7551,24735
"1391","MA",2020-04-03,208,7152,26441
"1392","MD",2020-04-03,74,1984,20838
"1393","ME",2020-04-03,8,264,2694
"1394","MI",2020-04-03,706,8780,22920
"1395","MN",2020-04-03,18,479,11458
"1396","MO",2020-04-03,11,1444,18988
"1397","MS",2020-04-03,21,779,2193
"1398","MT",2020-04-03,5,135,2743
"1399","NC",2020-04-03,16,1330,15132
"1400","ND",2020-04-03,3,112,3198
"1401","NE",2020-04-03,6,194,2726
"1402","NH",2020-04-03,4,321,3180
"1403","NJ",2020-04-03,538,21070,21061
"1404","NM",2020-04-03,6,267,5998
"1405","NV",2020-04-03,38,979,6857
"1406","NY",2020-04-03,2416,58228,56539
"1407","OH",2020-04-03,72,2175,16051
"1408","OK",2020-04-03,30,666,231
"1409","OR",2020-04-03,10,485,8025
"1410","PA",2020-04-03,80,6202,32679
"1411","RI",2020-04-03,14,583,2840
"1412","SC",2020-04-03,22,1098,3134
"1413","SD",2020-04-03,1,129,2206
"1414","TN",2020-04-03,31,1864,19884
"1415","TX",2020-04-03,67,3599,28499
"1416","UT",2020-04-03,5,766,14238
"1417","VA",2020-04-03,32,1408,10260
"1418","VT",2020-04-03,7,247,1997
"1419","WA",2020-04-03,139,2820,27481
"1420","WI",2020-04-03,24,1294,9237
"1421","WV",2020-04-03,2,161,4351
"1422","AK",2020-03-27,1,57,1633
"1423","AL",2020-03-27,3,506,4156
"1424","AR",2020-03-27,3,285,1194
"1425","AZ",2020-03-27,13,671,7244
"1426","CA",2020-03-27,58,2816,6956
"1427","CO",2020-03-27,21,1153,6017
"1428","CT",2020-03-27,24,1097,6505
"1429","DC",2020-03-27,2,196,1396
"1430","DE",2020-03-27,5,125,0
"1431","FL",2020-03-27,24,2245,26316
"1432","GA",2020-03-27,51,1581,5898
"1433","IA",2020-03-27,3,190,3098
"1434","ID",2020-03-27,3,166,2078
"1435","IL",2020-03-27,29,2441,14820
"1436","IN",2020-03-27,22,902,5480
"1437","KS",2020-03-27,3,158,2812
"1438","KY",2020-03-27,5,201,3176
"1439","LA",2020-03-27,107,2273,18045
"1440","MA",2020-03-27,52,2837,22449
"1441","MD",2020-03-27,7,625,0
"1442","ME",2020-03-27,1,111,1130
"1443","MI",2020-03-27,199,7580,11099
"1444","MN",2020-03-27,4,337,9864
"1445","MO",2020-03-27,7,622,0
"1446","MS",2020-03-27,7,499,1865
"1447","MT",2020-03-27,0,92,1659
"1448","NC",2020-03-27,3,626,11277
"1449","ND",2020-03-27,0,41,1627
"1450","NE",2020-03-27,0,53,1521
"1451","NH",2020-03-27,1,114,2650
"1452","NJ",2020-03-27,97,7935,16283
"1453","NM",2020-03-27,1,93,4606
"1454","NV",2020-03-27,18,426,4169
"1455","NY",2020-03-27,484,37533,75793
"1456","OH",2020-03-27,18,968,18872
"1457","OK",2020-03-27,7,273,546
"1458","OR",2020-03-27,9,300,6507
"1459","PA",2020-03-27,21,1950,18442
"1460","RI",2020-03-27,0,174,1341
"1461","SC",2020-03-27,8,375,1474
"1462","SD",2020-03-27,0,44,1724
"1463","TN",2020-03-27,6,975,14325
"1464","TX",2020-03-27,18,1537,16852
"1465","UT",2020-03-27,2,368,6729
"1466","VA",2020-03-27,12,490,4522
"1467","VT",2020-03-27,8,169,1911
"1468","WA",2020-03-27,95,2620,27401
"1469","WI",2020-03-27,10,734,9685
"1470","WV",2020-03-27,0,69,1560
